{
  "method": "complex_step_with_richardson",
  "complex_step_h": 1e-20,
  "rk4_step": 0.0001,
  "t_end": 1.0,
  "simple_pendulum": {
    "g": 9.8,
    "L": 1.0,
    "theta0": 0.1,
    "sensitivities": {
      "d1x_dg1": 0.07408974206046082,
      "d2x_dg2": -0.008716482081120367,
      "d3x_dg3": -0.0009027695617301966,
      "d4x_dg4": 0.000795770795476024,
      "d5x_dg5": 0.0004927202597483536
    }
  },
  "controlled_pendulum": {
    "g": 4.0,
    "L": 2.0,
    "a": 0.5,
    "u_nom": 1.0,
    "theta0": 0.1,
    "sensitivities": {
      "d1x_du1": -0.6848632369407736,
      "d2x_du2": 0.08717561825170143,
      "d3x_du3": -0.006964360000028986,
      "d1y_du1": 0.23795986363550972
    }
  }
}
