{
  "system": "simple_pendulum_index3",
  "t_end": 1.0,
  "g": 9.8,
  "theta0": 0.1,
  "approach_a": {
    "RK45": {
      "x": 0.897762682949415,
      "dxdg": 0.07408974205282062,
      "constraint_error": -5.2882587198155306e-11,
      "x_err": 9.722445071247421e-12
    },
    "BDF": {
      "x": 0.8977626822297021,
      "dxdg": 0.07408974179710028,
      "constraint_error": -1.751665479332587e-09,
      "x_err": 7.29435289947844e-10
    },
    "Radau": {
      "x": 0.8977626829591147,
      "dxdg": 0.07408974206046681,
      "constraint_error": -6.45039577307216e-14,
      "x_err": 2.275957200481571e-14
    }
  },
  "approach_b": {
    "x": 0.8977626829543132,
    "y": -0.44047947179145847,
    "dxdg": 0.07408974205436611,
    "dydg": 0.15100591486103965,
    "constraint_error": -2.4991120284312274e-11,
    "x_err": 4.824252108903693e-12,
    "n_steps": 22,
    "n_rejected": 6
  },
  "cross_approach_x_diff": 4.801492536898877e-12,
  "cross_approach_dxdg_diff": 6.100703275890851e-12,
  "consistent": true
}
