{
  "system": "simple_pendulum_ecss_order1",
  "g": 9.8,
  "theta0": 0.1,
  "t_end": 1.0,
  "solvers": {
    "RK45": {
      "x": 0.897762682949415,
      "dxdg": 0.07408974205282062,
      "dydg": 0.1510059148647631,
      "x_err": 9.722445071247421e-12,
      "constraint_error": -5.2882587198155306e-11,
      "nfev": 764,
      "elapsed": 0.0048639774322509766
    },
    "BDF": {
      "x": 0.8977626822297021,
      "dxdg": 0.07408974179710028,
      "dydg": 0.1510059148108881,
      "x_err": 7.29435289947844e-10,
      "constraint_error": -1.751665479332587e-09,
      "nfev": 735,
      "elapsed": 0.018642187118530273
    },
    "Radau": {
      "x": 0.8977626829591147,
      "dxdg": 0.07408974206046681,
      "dydg": 0.15100591484695491,
      "x_err": 2.275957200481571e-14,
      "constraint_error": -6.45039577307216e-14,
      "nfev": 4222,
      "elapsed": 0.06267094612121582
    }
  },
  "analytic_x": 0.8977626829591374,
  "analytic_y": -0.44047947181003705
}
