{
  "system": "simple_pendulum",
  "g_nom": 9.8,
  "L": 1.0,
  "t_span": [
    0,
    1
  ],
  "hs": [
    0.01,
    0.005,
    0.0025,
    0.001
  ],
  "fd_first_order": {
    "0.01": -0.0019388862405433915,
    "0.005": -0.0019388616102622436,
    "0.0025": -0.0019388554524990553,
    "0.001": -0.001938853730010237
  },
  "fd_second_order": {
    "0.01": 0.0023162376272534146,
    "0.005": 0.00231622654389696,
    "0.0025": 0.0023162239060070533,
    "0.001": 0.0023162221030048613
  }
}