{
  "system": "simple_pendulum",
  "g_nom": 9.8,
  "L_sq": 1.0,
  "t_end": 1.0,
  "hs": [
    0.01,
    0.005,
    0.0025,
    0.001
  ],
  "fd_dx_dg": {
    "0.01": -0.015265515617574055,
    "0.005": -0.015265406940223603,
    "0.0025": -0.015265379833273585,
    "0.001": -0.015265372246553444
  },
  "fd_dy_dg": {
    "0.01": -0.09073100546742041,
    "0.005": -0.09073098028073989,
    "0.0025": -0.09073097435639554,
    "0.001": -0.09073097271590502
  },
  "ecss_dx_dg": -0.0152653707982258,
  "ecss_dy_dg": -0.0907309723848724,
  "richardson_dx": -0.015265369627274926,
  "richardson_dy": -0.0907309721507817,
  "abs_error_dx": 1.1709508744572883e-09,
  "abs_error_dy": 2.3409070515345576e-10,
  "rel_errors_dx": [
    7.078629696911992e-08,
    7.550275336969268e-08,
    7.67063499429297e-08
  ],
  "rel_errors_dy": [
    2.378433237343845e-09,
    2.53460126343779e-09,
    2.5800528639819332e-09
  ],
  "verified": false
}